[
    {
        "seriesAge": 14,
        "seriesName": "Adventure Time",
        "seriesNumberOfEpisodes": 87,
        "seriesID": "111"
    },
    {
        "seriesAge": 16,
        "seriesName": "Banana Fish",
        "seriesNumberOfEpisodes": 26,
        "seriesID": "987"
    },
    {
        "seriesAge": 4,
        "seriesName": "One Piece",
        "seriesNumberOfEpisodes": 97,
        "seriesID": "202"
    },
    {
        "seriesAge": 10,
        "seriesName": "Steven Universe",
        "seriesNumberOfEpisodes": 40,
        "seriesID": "110"
    },
    {
        "seriesAge": 8,
        "seriesName": "Power Rangers",
        "seriesNumberOfEpisodes": 22,
        "seriesID": "444"
    }
]